﻿<?xml version="1.0" encoding="utf-8" ?>
<Obfuscator>
	<Var name="InPath" value=".\input" />
	<Var name="OutPath" value=".\output" />
	<Var name="RenameProperties" value="true" />
	<Var name="RenameEvents" value="true" />
	<Var name="RenameFields" value="true" />
	<Var name="KeepPublicApi" value="false" />
	<Var name="HidePrivateApi" value="true" />
	<Var name="UseUnicodeNames" value="true" />
	<Var name="HideStrings" value="true" />
	<Var name="OptimizeMethods" value="true" />
	<Var name="SuppressIldasm" value="true" />
	<Module file="$(InPath)\repme.exe" />
</Obfuscator>